game_id,tier,channel,tickets_sold,avg_ticket_price_usd,ticket_gross_usd
202425_HOME_01,upper,primary_web,3444,57.82,199144.64
202425_HOME_01,upper,primary_app,1361,64.12,87271.91
202425_HOME_01,upper,box_office,400,63.43,25373.36
202425_HOME_01,upper,secondary_market,1824,64.36,117399.62
202425_HOME_01,upper,corporate,555,63.92,35478.06
202425_HOME_01,mid,primary_web,1856,130.81,242787.56
202425_HOME_01,mid,primary_app,781,131.41,102631.95
202425_HOME_01,mid,box_office,184,135.12,24861.87
202425_HOME_01,mid,secondary_market,1076,152.72,164328.12
202425_HOME_01,mid,corporate,317,158.02,50092.61
202425_HOME_01,lower,primary_web,1700,233.45,396865.63
202425_HOME_01,lower,primary_app,686,219.08,150288.12
202425_HOME_01,lower,box_office,163,231.26,37695.15
202425_HOME_01,lower,secondary_market,910,257.81,234607.64
202425_HOME_01,lower,corporate,249,293.11,72983.34
202425_HOME_01,courtside,primary_web,25,2043.41,51085.33
202425_HOME_01,courtside,primary_app,25,2016.6,50415.0
202425_HOME_01,courtside,box_office,12,2021.39,24256.72
202425_HOME_01,courtside,secondary_market,15,2372.17,35582.56
202425_HOME_01,courtside,corporate,260,2167.01,563421.72
202425_HOME_01,suite,primary_web,98,838.31,82154.23
202425_HOME_01,suite,primary_app,65,898.22,58384.32
202425_HOME_01,suite,box_office,26,899.24,23380.32
202425_HOME_01,suite,secondary_market,50,1051.34,52567.14
202425_HOME_01,suite,corporate,772,938.47,724495.25
202425_HOME_02,upper,primary_web,3226,64.35,207590.34
202425_HOME_02,upper,primary_app,1196,55.04,65823.01
202425_HOME_02,upper,box_office,351,62.87,22066.81
202425_HOME_02,upper,secondary_market,1744,64.89,113172.91
202425_HOME_02,upper,corporate,487,64.07,31203.5
202425_HOME_02,mid,primary_web,1763,120.01,211579.9
202425_HOME_02,mid,primary_app,704,120.2,84624.08
202425_HOME_02,mid,box_office,176,129.42,22778.26
202425_HOME_02,mid,secondary_market,973,152.99,148856.27
202425_HOME_02,mid,corporate,275,128.71,35395.13
202425_HOME_02,lower,primary_web,1544,223.55,345155.87
202425_HOME_02,lower,primary_app,651,225.29,146663.21
202425_HOME_02,lower,box_office,166,233.57,38772.69
202425_HOME_02,lower,secondary_market,843,237.27,200017.76
202425_HOME_02,lower,corporate,220,246.05,54130.09
202425_HOME_02,courtside,primary_web,21,1857.24,39002.01
202425_HOME_02,courtside,primary_app,30,1828.65,54859.55
202425_HOME_02,courtside,box_office,2,1725.81,3451.62
202425_HOME_02,courtside,secondary_market,11,2154.03,23694.37
202425_HOME_02,courtside,corporate,247,1963.87,485074.98
202425_HOME_02,suite,primary_web,108,746.74,80647.83
202425_HOME_02,suite,primary_app,79,740.88,58529.18
202425_HOME_02,suite,box_office,17,916.41,15578.97
202425_HOME_02,suite,secondary_market,36,1064.34,38316.32
202425_HOME_02,suite,corporate,694,812.55,563912.3
202425_HOME_03,upper,primary_web,3495,65.85,230152.63
202425_HOME_03,upper,primary_app,1344,59.69,80224.0
202425_HOME_03,upper,box_office,352,66.75,23494.26
202425_HOME_03,upper,secondary_market,1910,73.16,139741.0
202425_HOME_03,upper,corporate,532,72.69,38673.49
202425_HOME_03,mid,primary_web,1872,169.3,316921.2
202425_HOME_03,mid,primary_app,801,159.77,127975.66
202425_HOME_03,mid,box_office,212,161.68,34276.87
202425_HOME_03,mid,secondary_market,1063,165.98,176432.85
202425_HOME_03,mid,corporate,293,149.27,43734.77
202425_HOME_03,lower,primary_web,1678,260.38,436919.18
202425_HOME_03,lower,primary_app,642,231.85,148848.15
202425_HOME_03,lower,box_office,169,251.22,42457.01
202425_HOME_03,lower,secondary_market,991,288.38,285782.94
202425_HOME_03,lower,corporate,252,274.61,69201.56
202425_HOME_03,courtside,primary_web,18,1838.02,33084.37
202425_HOME_03,courtside,primary_app,29,2098.89,60867.83
202425_HOME_03,courtside,box_office,7,2239.52,15676.65
202425_HOME_03,courtside,secondary_market,22,2476.53,54483.59
202425_HOME_03,courtside,corporate,263,2294.05,603334.68
202425_HOME_03,suite,primary_web,109,848.06,92438.74
202425_HOME_03,suite,primary_app,81,869.34,70416.73
202425_HOME_03,suite,box_office,19,995.38,18912.2
202425_HOME_03,suite,secondary_market,54,1049.32,56663.53
202425_HOME_03,suite,corporate,755,1079.29,814862.25
202425_HOME_04,upper,primary_web,3564,84.76,302085.87
202425_HOME_04,upper,primary_app,1409,78.43,110512.4
202425_HOME_04,upper,box_office,423,88.38,37385.77
202425_HOME_04,upper,secondary_market,2018,94.76,191226.31
202425_HOME_04,upper,corporate,525,96.99,50918.85
202425_HOME_04,mid,primary_web,1928,188.88,364169.24
202425_HOME_04,mid,primary_app,775,179.43,139058.3
202425_HOME_04,mid,box_office,253,155.4,39316.99
202425_HOME_04,mid,secondary_market,1113,201.45,224213.51
202425_HOME_04,mid,corporate,342,191.6,65525.73
202425_HOME_04,lower,primary_web,1719,324.82,558368.61
202425_HOME_04,lower,primary_app,704,292.56,205962.23
202425_HOME_04,lower,box_office,199,330.7,65808.76
202425_HOME_04,lower,secondary_market,1000,368.41,368409.61
202425_HOME_04,lower,corporate,260,338.51,88013.74
202425_HOME_04,courtside,primary_web,42,2710.55,113843.12
202425_HOME_04,courtside,primary_app,26,2752.38,71561.8
202425_HOME_04,courtside,box_office,6,2530.94,15185.67
202425_HOME_04,courtside,secondary_market,13,2945.29,38288.82
202425_HOME_04,courtside,corporate,266,3115.93,828836.09
202425_HOME_04,suite,primary_web,107,971.29,103927.68
202425_HOME_04,suite,primary_app,91,1186.06,107931.5
202425_HOME_04,suite,box_office,19,1095.16,20807.96
202425_HOME_04,suite,secondary_market,39,1244.48,48534.86
202425_HOME_04,suite,corporate,803,1286.0,1032661.38
202425_HOME_05,upper,primary_web,3056,54.96,167948.36
202425_HOME_05,upper,primary_app,1248,62.73,78284.42
202425_HOME_05,upper,box_office,326,63.23,20614.26
202425_HOME_05,upper,secondary_market,1736,73.43,127466.76
202425_HOME_05,upper,corporate,470,71.81,33748.84
202425_HOME_05,mid,primary_web,1760,135.91,239204.19
202425_HOME_05,mid,primary_app,693,140.68,97492.44
202425_HOME_05,mid,box_office,187,139.72,26127.51
202425_HOME_05,mid,secondary_market,908,154.8,140562.47
202425_HOME_05,mid,corporate,250,157.82,39454.6
202425_HOME_05,lower,primary_web,1505,259.52,390577.6
202425_HOME_05,lower,primary_app,580,257.75,149492.3
202425_HOME_05,lower,box_office,153,247.44,37858.51
202425_HOME_05,lower,secondary_market,891,294.99,262836.17
202425_HOME_05,lower,corporate,213,264.54,56347.5
202425_HOME_05,courtside,primary_web,36,1914.84,68934.25
202425_HOME_05,courtside,primary_app,21,2094.47,43983.85
202425_HOME_05,courtside,box_office,7,1996.79,13977.55
202425_HOME_05,courtside,secondary_market,23,2405.17,55318.83
202425_HOME_05,courtside,corporate,217,2237.3,485494.89
202425_HOME_05,suite,primary_web,91,925.71,84239.52
202425_HOME_05,suite,primary_app,64,835.64,53481.11
202425_HOME_05,suite,box_office,25,946.75,23668.63
202425_HOME_05,suite,secondary_market,46,996.81,45853.43
202425_HOME_05,suite,corporate,685,932.21,638561.79
202425_HOME_06,upper,primary_web,3458,62.11,214771.1
202425_HOME_06,upper,primary_app,1381,62.11,85772.62
202425_HOME_06,upper,box_office,386,60.28,23266.73
202425_HOME_06,upper,secondary_market,1911,63.02,120440.64
202425_HOME_06,upper,corporate,535,58.83,31471.61
202425_HOME_06,mid,primary_web,1945,133.4,259471.5
202425_HOME_06,mid,primary_app,763,134.48,102611.72
202425_HOME_06,mid,box_office,204,143.58,29289.76
202425_HOME_06,mid,secondary_market,1051,148.91,156506.76
202425_HOME_06,mid,corporate,299,155.93,46624.21
202425_HOME_06,lower,primary_web,1684,243.64,410293.22
202425_HOME_06,lower,primary_app,676,220.87,149306.49
202425_HOME_06,lower,box_office,159,251.93,40057.65
202425_HOME_06,lower,secondary_market,962,283.33,272566.45
202425_HOME_06,lower,corporate,269,262.15,70518.88
202425_HOME_06,courtside,primary_web,37,1994.81,73807.83
202425_HOME_06,courtside,primary_app,22,1756.77,38649.02
202425_HOME_06,courtside,box_office,6,1890.24,11341.47
202425_HOME_06,courtside,secondary_market,20,2466.68,49333.6
202425_HOME_06,courtside,corporate,256,2316.76,593089.7
202425_HOME_06,suite,primary_web,91,871.92,79344.74
202425_HOME_06,suite,primary_app,78,753.43,58767.46
202425_HOME_06,suite,box_office,33,849.78,28042.74
202425_HOME_06,suite,secondary_market,58,955.71,55431.21
202425_HOME_06,suite,corporate,763,911.38,695380.91
202425_HOME_07,upper,primary_web,3257,86.35,281253.62
202425_HOME_07,upper,primary_app,1323,78.45,103783.56
202425_HOME_07,upper,box_office,364,82.26,29943.92
202425_HOME_07,upper,secondary_market,1821,97.3,177185.74
202425_HOME_07,upper,corporate,522,83.91,43801.95
202425_HOME_07,mid,primary_web,1778,165.1,293551.77
202425_HOME_07,mid,primary_app,735,152.63,112183.94
202425_HOME_07,mid,box_office,206,167.98,34604.63
202425_HOME_07,mid,secondary_market,1027,196.96,202275.38
202425_HOME_07,mid,corporate,303,185.13,56094.37
202425_HOME_07,lower,primary_web,1612,308.63,497516.63
202425_HOME_07,lower,primary_app,626,333.46,208746.96
202425_HOME_07,lower,box_office,192,307.69,59076.19
202425_HOME_07,lower,secondary_market,874,333.37,291366.38
202425_HOME_07,lower,corporate,259,312.69,80987.34
202425_HOME_07,courtside,primary_web,31,2739.59,84927.15
202425_HOME_07,courtside,primary_app,33,2660.22,87787.35
202425_HOME_07,courtside,box_office,7,2625.79,18380.52
202425_HOME_07,courtside,secondary_market,12,2797.06,33564.74
202425_HOME_07,courtside,corporate,241,2899.51,698781.12
202425_HOME_07,suite,primary_web,96,1006.54,96628.18
202425_HOME_07,suite,primary_app,73,1008.01,73584.73
202425_HOME_07,suite,box_office,22,1120.27,24645.84
202425_HOME_07,suite,secondary_market,43,1330.21,57199.17
202425_HOME_07,suite,corporate,738,1083.86,799885.53
202425_HOME_08,upper,primary_web,3133,50.76,159044.65
202425_HOME_08,upper,primary_app,1284,57.4,73702.3
202425_HOME_08,upper,box_office,345,55.94,19300.39
202425_HOME_08,upper,secondary_market,1726,68.5,118228.58
202425_HOME_08,upper,corporate,543,59.05,32063.97
202425_HOME_08,mid,primary_web,1745,119.39,208341.63
202425_HOME_08,mid,primary_app,728,132.06,96138.39
202425_HOME_08,mid,box_office,181,123.1,22280.42
202425_HOME_08,mid,secondary_market,976,139.1,135764.2
202425_HOME_08,mid,corporate,276,136.04,37546.18
202425_HOME_08,lower,primary_web,1602,250.11,400678.69
202425_HOME_08,lower,primary_app,587,207.42,121756.71
202425_HOME_08,lower,box_office,154,195.55,30115.46
202425_HOME_08,lower,secondary_market,843,238.44,201001.09
202425_HOME_08,lower,corporate,252,230.26,58025.76
202425_HOME_08,courtside,primary_web,45,1937.41,87183.23
202425_HOME_08,courtside,primary_app,17,2046.64,34792.84
202425_HOME_08,courtside,box_office,5,1916.16,9580.78
202425_HOME_08,courtside,secondary_market,17,2040.38,34686.44
202425_HOME_08,courtside,corporate,228,1991.04,453957.61
202425_HOME_08,suite,primary_web,90,789.6,71063.76
202425_HOME_08,suite,primary_app,87,719.67,62610.88
202425_HOME_08,suite,box_office,17,798.66,13577.16
202425_HOME_08,suite,secondary_market,46,930.85,42818.99
202425_HOME_08,suite,corporate,698,820.47,572691.15
202425_HOME_09,upper,primary_web,2982,60.04,179042.13
202425_HOME_09,upper,primary_app,1288,51.4,66200.02
202425_HOME_09,upper,box_office,370,66.2,24494.74
202425_HOME_09,upper,secondary_market,1731,70.56,122135.43
202425_HOME_09,upper,corporate,463,64.08,29667.39
202425_HOME_09,mid,primary_web,1708,145.4,248338.07
202425_HOME_09,mid,primary_app,654,128.39,83966.79
202425_HOME_09,mid,box_office,190,134.34,25524.8
202425_HOME_09,mid,secondary_market,967,147.11,142259.87
202425_HOME_09,mid,corporate,277,152.99,42378.07
202425_HOME_09,lower,primary_web,1472,222.99,328235.6
202425_HOME_09,lower,primary_app,563,219.2,123410.22
202425_HOME_09,lower,box_office,192,238.49,45790.19
202425_HOME_09,lower,secondary_market,876,282.77,247707.62
202425_HOME_09,lower,corporate,238,251.85,59939.18
202425_HOME_09,courtside,primary_web,29,2096.58,60800.95
202425_HOME_09,courtside,primary_app,17,1961.6,33347.25
202425_HOME_09,courtside,box_office,7,2149.56,15046.9
202425_HOME_09,courtside,secondary_market,13,2270.17,29512.23
202425_HOME_09,courtside,corporate,238,2283.12,543383.51
202425_HOME_09,suite,primary_web,105,902.46,94758.04
202425_HOME_09,suite,primary_app,74,714.99,52909.31
202425_HOME_09,suite,box_office,21,784.73,16479.43
202425_HOME_09,suite,secondary_market,29,894.26,25933.52
202425_HOME_09,suite,corporate,682,992.9,677159.15
202425_HOME_10,upper,primary_web,3200,66.32,212219.52
202425_HOME_10,upper,primary_app,1287,64.53,83052.52
202425_HOME_10,upper,box_office,341,69.64,23747.07
202425_HOME_10,upper,secondary_market,1864,76.6,142773.24
202425_HOME_10,upper,corporate,518,63.6,32945.5
202425_HOME_10,mid,primary_web,1843,134.69,248239.9
202425_HOME_10,mid,primary_app,717,139.57,100071.28
202425_HOME_10,mid,box_office,208,142.56,29652.44
202425_HOME_10,mid,secondary_market,982,149.69,146995.96
202425_HOME_10,mid,corporate,256,172.6,44185.58
202425_HOME_10,lower,primary_web,1663,260.12,432577.03
202425_HOME_10,lower,primary_app,605,253.41,153310.7
202425_HOME_10,lower,box_office,175,259.24,45366.25
202425_HOME_10,lower,secondary_market,848,249.1,211232.73
202425_HOME_10,lower,corporate,234,270.33,63258.24
202425_HOME_10,courtside,primary_web,30,2167.49,65024.69
202425_HOME_10,courtside,primary_app,28,2261.64,63326.0
202425_HOME_10,courtside,box_office,8,2179.07,17432.57
202425_HOME_10,courtside,secondary_market,14,2420.07,33880.97
202425_HOME_10,courtside,corporate,240,2154.32,517036.46
202425_HOME_10,suite,primary_web,93,891.86,82942.94
202425_HOME_10,suite,primary_app,63,861.1,54249.12
202425_HOME_10,suite,box_office,20,848.37,16967.31
202425_HOME_10,suite,secondary_market,43,987.21,42450.07
202425_HOME_10,suite,corporate,742,917.66,680900.15
202425_HOME_11,upper,primary_web,3404,63.07,214679.75
202425_HOME_11,upper,primary_app,1332,58.54,77968.87
202425_HOME_11,upper,box_office,348,60.01,20881.88
202425_HOME_11,upper,secondary_market,1880,71.93,135223.64
202425_HOME_11,upper,corporate,498,69.5,34611.0
202425_HOME_11,mid,primary_web,1894,132.11,250210.18
202425_HOME_11,mid,primary_app,740,137.05,101415.87
202425_HOME_11,mid,box_office,184,136.65,25143.28
202425_HOME_11,mid,secondary_market,1027,156.01,160217.66
202425_HOME_11,mid,corporate,301,150.69,45358.52
202425_HOME_11,lower,primary_web,1554,240.66,373985.02
202425_HOME_11,lower,primary_app,659,235.87,155439.61
202425_HOME_11,lower,box_office,218,243.32,53042.8
202425_HOME_11,lower,secondary_market,952,288.67,274814.64
202425_HOME_11,lower,corporate,265,217.85,57730.17
202425_HOME_11,courtside,primary_web,23,1948.7,44820.14
202425_HOME_11,courtside,primary_app,21,1978.51,41548.75
202425_HOME_11,courtside,box_office,11,2280.28,25083.08
202425_HOME_11,courtside,secondary_market,22,2560.56,56332.28
202425_HOME_11,courtside,corporate,255,2179.11,555672.94
202425_HOME_11,suite,primary_web,121,907.88,109853.97
202425_HOME_11,suite,primary_app,84,822.59,69097.17
202425_HOME_11,suite,box_office,20,849.44,16988.87
202425_HOME_11,suite,secondary_market,45,1013.35,45600.65
202425_HOME_11,suite,corporate,725,928.37,673067.02
202425_HOME_12,upper,primary_web,3431,64.84,222455.64
202425_HOME_12,upper,primary_app,1317,64.08,84399.94
202425_HOME_12,upper,box_office,361,63.6,22961.32
202425_HOME_12,upper,secondary_market,1892,76.51,144750.07
202425_HOME_12,upper,corporate,542,64.61,35019.33
202425_HOME_12,mid,primary_web,1902,125.28,238277.81
202425_HOME_12,mid,primary_app,764,139.02,106209.73
202425_HOME_12,mid,box_office,201,142.88,28718.77
202425_HOME_12,mid,secondary_market,1021,158.01,161326.78
202425_HOME_12,mid,corporate,303,153.06,46376.99
202425_HOME_12,lower,primary_web,1724,236.01,406886.28
202425_HOME_12,lower,primary_app,641,235.31,150836.45
202425_HOME_12,lower,box_office,177,247.19,43752.54
202425_HOME_12,lower,secondary_market,915,278.89,255180.41
202425_HOME_12,lower,corporate,231,263.29,60819.03
202425_HOME_12,courtside,primary_web,39,2110.56,82311.92
202425_HOME_12,courtside,primary_app,25,2285.68,57141.95
202425_HOME_12,courtside,box_office,6,2090.9,12545.41
202425_HOME_12,courtside,secondary_market,19,2679.75,50915.21
202425_HOME_12,courtside,corporate,246,2268.65,558086.87
202425_HOME_12,suite,primary_web,99,939.81,93041.64
202425_HOME_12,suite,primary_app,92,929.89,85550.11
202425_HOME_12,suite,box_office,19,982.99,18676.73
202425_HOME_12,suite,secondary_market,39,1025.29,39986.13
202425_HOME_12,suite,corporate,757,1036.62,784720.35
202425_HOME_13,upper,primary_web,3078,68.07,209512.75
202425_HOME_13,upper,primary_app,1187,66.43,78850.95
202425_HOME_13,upper,box_office,350,70.97,24841.03
202425_HOME_13,upper,secondary_market,1699,81.2,137954.37
202425_HOME_13,upper,corporate,492,80.41,39563.81
202425_HOME_13,mid,primary_web,1680,152.19,255684.74
202425_HOME_13,mid,primary_app,689,155.32,107013.72
202425_HOME_13,mid,box_office,188,153.41,28841.99
202425_HOME_13,mid,secondary_market,930,162.05,150703.7
202425_HOME_13,mid,corporate,293,162.88,47725.18
202425_HOME_13,lower,primary_web,1560,293.54,457918.19
202425_HOME_13,lower,primary_app,549,253.52,139180.5
202425_HOME_13,lower,box_office,175,270.36,47312.14
202425_HOME_13,lower,secondary_market,822,317.88,261295.18
202425_HOME_13,lower,corporate,221,281.61,62236.76
202425_HOME_13,courtside,primary_web,23,2222.21,51110.72
202425_HOME_13,courtside,primary_app,22,2136.37,47000.2
202425_HOME_13,courtside,box_office,3,2247.54,6742.62
202425_HOME_13,courtside,secondary_market,15,2516.96,37754.43
202425_HOME_13,courtside,corporate,239,2483.64,593591.03
202425_HOME_13,suite,primary_web,88,964.78,84900.7
202425_HOME_13,suite,primary_app,76,925.86,70365.43
202425_HOME_13,suite,box_office,19,978.22,18586.14
202425_HOME_13,suite,secondary_market,51,947.68,48331.93
202425_HOME_13,suite,corporate,673,1017.74,684939.76
202425_HOME_14,upper,primary_web,3115,66.51,207163.93
202425_HOME_14,upper,primary_app,1210,62.76,75941.32
202425_HOME_14,upper,box_office,342,65.36,22353.26
202425_HOME_14,upper,secondary_market,1753,74.73,131000.2
202425_HOME_14,upper,corporate,492,68.42,33663.7
202425_HOME_14,mid,primary_web,1732,141.87,245724.35
202425_HOME_14,mid,primary_app,712,125.87,89621.97
202425_HOME_14,mid,box_office,175,153.74,26904.34
202425_HOME_14,mid,secondary_market,944,150.7,142259.35
202425_HOME_14,mid,corporate,277,134.94,37378.34
202425_HOME_14,lower,primary_web,1501,212.06,318296.65
202425_HOME_14,lower,primary_app,610,232.7,141948.65
202425_HOME_14,lower,box_office,170,215.22,36588.08
202425_HOME_14,lower,secondary_market,864,272.48,235422.26
202425_HOME_14,lower,corporate,234,262.11,61333.25
202425_HOME_14,courtside,primary_web,29,2014.89,58431.83
202425_HOME_14,courtside,primary_app,23,2039.01,46897.31
202425_HOME_14,courtside,box_office,7,2248.0,15735.97
202425_HOME_14,courtside,secondary_market,8,2252.5,18020.02
202425_HOME_14,courtside,corporate,240,2355.9,565415.61
202425_HOME_14,suite,primary_web,105,839.03,88098.23
202425_HOME_14,suite,primary_app,62,877.32,54393.92
202425_HOME_14,suite,box_office,20,833.63,16672.68
202425_HOME_14,suite,secondary_market,52,996.53,51819.59
202425_HOME_14,suite,corporate,683,866.6,591885.2
202425_HOME_15,upper,primary_web,3425,64.94,222423.01
202425_HOME_15,upper,primary_app,1337,56.93,76118.37
202425_HOME_15,upper,box_office,385,65.06,25049.43
202425_HOME_15,upper,secondary_market,1878,64.31,120776.44
202425_HOME_15,upper,corporate,548,64.28,35222.81
202425_HOME_15,mid,primary_web,1871,140.63,263125.52
202425_HOME_15,mid,primary_app,768,149.24,114616.37
202425_HOME_15,mid,box_office,202,128.25,25906.1
202425_HOME_15,mid,secondary_market,1064,158.53,168673.84
202425_HOME_15,mid,corporate,303,142.8,43269.62
202425_HOME_15,lower,primary_web,1628,224.27,365117.66
202425_HOME_15,lower,primary_app,657,215.51,141586.98
202425_HOME_15,lower,box_office,173,232.74,40264.01
202425_HOME_15,lower,secondary_market,965,267.61,258243.69
202425_HOME_15,lower,corporate,280,248.97,69711.68
202425_HOME_15,courtside,primary_web,31,2087.35,64707.76
202425_HOME_15,courtside,primary_app,30,1986.29,59588.7
202425_HOME_15,courtside,box_office,12,2065.48,24785.74
202425_HOME_15,courtside,secondary_market,15,2257.64,33864.6
202425_HOME_15,courtside,corporate,249,1972.18,491073.59
202425_HOME_15,suite,primary_web,111,869.9,96559.23
202425_HOME_15,suite,primary_app,78,780.91,60910.81
202425_HOME_15,suite,box_office,24,848.34,20360.11
202425_HOME_15,suite,secondary_market,43,858.13,36899.51
202425_HOME_15,suite,corporate,754,903.43,681184.38
202425_HOME_16,upper,primary_web,3054,55.19,168562.53
202425_HOME_16,upper,primary_app,1213,58.56,71030.05
202425_HOME_16,upper,box_office,357,63.39,22628.89
202425_HOME_16,upper,secondary_market,1753,67.81,118865.18
202425_HOME_16,upper,corporate,495,73.84,36552.99
202425_HOME_16,mid,primary_web,1705,121.22,206673.32
202425_HOME_16,mid,primary_app,674,130.6,88027.74
202425_HOME_16,mid,box_office,195,140.64,27424.35
202425_HOME_16,mid,secondary_market,961,160.68,154413.31
202425_HOME_16,mid,corporate,282,153.0,43147.12
202425_HOME_16,lower,primary_web,1516,220.57,334389.4
202425_HOME_16,lower,primary_app,623,219.43,136705.56
202425_HOME_16,lower,box_office,159,240.54,38246.18
202425_HOME_16,lower,secondary_market,802,265.88,213239.61
202425_HOME_16,lower,corporate,259,236.82,61336.12
202425_HOME_16,courtside,primary_web,21,1829.82,38426.27
202425_HOME_16,courtside,primary_app,16,2010.87,32173.93
202425_HOME_16,courtside,box_office,3,1981.54,5944.61
202425_HOME_16,courtside,secondary_market,17,2302.59,39143.95
202425_HOME_16,courtside,corporate,248,2017.44,500325.14
202425_HOME_16,suite,primary_web,78,789.9,61611.87
202425_HOME_16,suite,primary_app,74,827.77,61255.12
202425_HOME_16,suite,box_office,16,897.47,14359.55
202425_HOME_16,suite,secondary_market,48,999.79,47989.71
202425_HOME_16,suite,corporate,700,922.01,645409.72
202425_HOME_17,upper,primary_web,3420,79.85,273076.77
202425_HOME_17,upper,primary_app,1412,67.29,95008.58
202425_HOME_17,upper,box_office,359,68.85,24716.15
202425_HOME_17,upper,secondary_market,1873,79.72,149310.75
202425_HOME_17,upper,corporate,504,81.18,40913.02
202425_HOME_17,mid,primary_web,1846,155.27,286621.09
202425_HOME_17,mid,primary_app,776,155.01,120289.12
202425_HOME_17,mid,box_office,206,156.17,32171.81
202425_HOME_17,mid,secondary_market,1082,150.65,163004.55
202425_HOME_17,mid,corporate,294,158.47,46591.11
202425_HOME_17,lower,primary_web,1636,292.17,477989.04
202425_HOME_17,lower,primary_app,645,264.84,170821.7
202425_HOME_17,lower,box_office,187,295.11,55186.41
202425_HOME_17,lower,secondary_market,973,324.17,315419.67
202425_HOME_17,lower,corporate,259,292.36,75720.15
202425_HOME_17,courtside,primary_web,26,2488.4,64698.33
202425_HOME_17,courtside,primary_app,28,2570.36,71970.04
202425_HOME_17,courtside,box_office,4,2634.9,10539.62
202425_HOME_17,courtside,secondary_market,15,2525.88,37888.2
202425_HOME_17,courtside,corporate,263,2853.12,750370.0
202425_HOME_17,suite,primary_web,106,951.95,100906.41
202425_HOME_17,suite,primary_app,100,997.51,99750.64
202425_HOME_17,suite,box_office,18,975.36,17556.52
202425_HOME_17,suite,secondary_market,39,1077.5,42022.36
202425_HOME_17,suite,corporate,746,1129.9,842908.91
202425_HOME_18,upper,primary_web,3440,71.88,247261.74
202425_HOME_18,upper,primary_app,1316,67.37,88664.43
202425_HOME_18,upper,box_office,392,76.76,30090.07
202425_HOME_18,upper,secondary_market,1883,84.23,158602.02
202425_HOME_18,upper,corporate,529,80.95,42824.83
202425_HOME_18,mid,primary_web,1830,161.37,295299.99
202425_HOME_18,mid,primary_app,757,152.74,115621.95
202425_HOME_18,mid,box_office,242,172.61,41772.68
202425_HOME_18,mid,secondary_market,1090,153.84,167680.52
202425_HOME_18,mid,corporate,281,149.94,42133.94
202425_HOME_18,lower,primary_web,1703,269.08,458242.87
202425_HOME_18,lower,primary_app,638,264.42,168700.6
202425_HOME_18,lower,box_office,201,245.88,49420.99
202425_HOME_18,lower,secondary_market,886,314.31,278476.84
202425_HOME_18,lower,corporate,268,313.61,84047.43
202425_HOME_18,courtside,primary_web,41,2072.55,84974.47
202425_HOME_18,courtside,primary_app,22,2406.98,52953.62
202425_HOME_18,courtside,box_office,7,2525.46,17678.24
202425_HOME_18,courtside,secondary_market,21,2613.08,54874.78
202425_HOME_18,courtside,corporate,245,2177.52,533492.3
202425_HOME_18,suite,primary_web,104,1095.74,113957.09
202425_HOME_18,suite,primary_app,72,955.48,68794.71
202425_HOME_18,suite,box_office,25,1029.45,25736.37
202425_HOME_18,suite,secondary_market,54,1006.94,54374.85
202425_HOME_18,suite,corporate,753,1142.1,859998.28
202425_HOME_19,upper,primary_web,3145,59.12,185940.32
202425_HOME_19,upper,primary_app,1281,60.97,78105.9
202425_HOME_19,upper,box_office,344,53.91,18545.15
202425_HOME_19,upper,secondary_market,1782,62.41,111215.98
202425_HOME_19,upper,corporate,526,67.71,35617.3
202425_HOME_19,mid,primary_web,1752,125.85,220494.25
202425_HOME_19,mid,primary_app,785,119.47,93785.19
202425_HOME_19,mid,box_office,165,150.93,24903.56
202425_HOME_19,mid,secondary_market,943,148.41,139950.28
202425_HOME_19,mid,corporate,287,134.19,38512.51
202425_HOME_19,lower,primary_web,1527,233.79,356999.42
202425_HOME_19,lower,primary_app,595,217.85,129620.96
202425_HOME_19,lower,box_office,191,224.92,42959.79
202425_HOME_19,lower,secondary_market,916,248.45,227580.43
202425_HOME_19,lower,corporate,231,241.88,55874.66
202425_HOME_19,courtside,primary_web,26,1993.49,51830.72
202425_HOME_19,courtside,primary_app,35,1781.23,62343.1
202425_HOME_19,courtside,box_office,5,2146.9,10734.49
202425_HOME_19,courtside,secondary_market,12,2346.51,28158.07
202425_HOME_19,courtside,corporate,237,2226.57,527696.75
202425_HOME_19,suite,primary_web,85,804.23,68359.19
202425_HOME_19,suite,primary_app,61,712.32,43451.78
202425_HOME_19,suite,box_office,22,833.18,18329.89
202425_HOME_19,suite,secondary_market,40,977.88,39115.25
202425_HOME_19,suite,corporate,736,820.04,603549.3
202425_HOME_20,upper,primary_web,3183,49.98,159087.76
202425_HOME_20,upper,primary_app,1237,48.13,59530.86
202425_HOME_20,upper,box_office,354,49.81,17634.12
202425_HOME_20,upper,secondary_market,1802,59.03,106379.45
202425_HOME_20,upper,corporate,520,55.49,28853.29
202425_HOME_20,mid,primary_web,1781,104.76,186569.19
202425_HOME_20,mid,primary_app,684,122.66,83901.75
202425_HOME_20,mid,box_office,202,119.33,24105.47
202425_HOME_20,mid,secondary_market,1032,130.85,135040.05
202425_HOME_20,mid,corporate,243,119.43,29022.09
202425_HOME_20,lower,primary_web,1557,190.06,295922.49
202425_HOME_20,lower,primary_app,636,178.78,113705.69
202425_HOME_20,lower,box_office,183,186.8,34184.15
202425_HOME_20,lower,secondary_market,866,195.15,169000.52
202425_HOME_20,lower,corporate,227,211.62,48038.3
202425_HOME_20,courtside,primary_web,28,1641.69,45967.3
202425_HOME_20,courtside,primary_app,18,1651.12,29720.2
202425_HOME_20,courtside,box_office,7,1924.83,13473.82
202425_HOME_20,courtside,secondary_market,13,2023.47,26305.17
202425_HOME_20,courtside,corporate,249,1755.58,437140.12
202425_HOME_20,suite,primary_web,107,785.2,84016.72
202425_HOME_20,suite,primary_app,84,679.88,57110.06
202425_HOME_20,suite,box_office,22,779.19,17142.19
202425_HOME_20,suite,secondary_market,49,789.37,38679.04
202425_HOME_20,suite,corporate,684,788.26,539167.03
202425_HOME_21,upper,primary_web,2905,51.28,148971.37
202425_HOME_21,upper,primary_app,1225,56.59,69319.08
202425_HOME_21,upper,box_office,346,62.46,21611.86
202425_HOME_21,upper,secondary_market,1712,64.2,109905.41
202425_HOME_21,upper,corporate,502,53.55,26882.94
202425_HOME_21,mid,primary_web,1702,126.02,214486.86
202425_HOME_21,mid,primary_app,624,125.08,78053.03
202425_HOME_21,mid,box_office,188,133.62,25120.47
202425_HOME_21,mid,secondary_market,941,133.37,125501.93
202425_HOME_21,mid,corporate,261,142.29,37138.78
202425_HOME_21,lower,primary_web,1501,204.52,306986.92
202425_HOME_21,lower,primary_app,582,218.81,127345.5
202425_HOME_21,lower,box_office,153,207.99,31823.1
202425_HOME_21,lower,secondary_market,822,255.79,210261.89
202425_HOME_21,lower,corporate,212,219.78,46594.1
202425_HOME_21,courtside,primary_web,34,1853.55,63020.68
202425_HOME_21,courtside,primary_app,20,1894.91,37898.12
202425_HOME_21,courtside,box_office,5,1672.84,8364.19
202425_HOME_21,courtside,secondary_market,11,2097.25,23069.71
202425_HOME_21,courtside,corporate,227,2270.6,515426.34
202425_HOME_21,suite,primary_web,95,748.7,71126.24
202425_HOME_21,suite,primary_app,78,826.95,64502.36
202425_HOME_21,suite,box_office,16,782.81,12524.9
202425_HOME_21,suite,secondary_market,42,774.43,32525.94
202425_HOME_21,suite,corporate,661,780.55,515946.61
202425_HOME_22,upper,primary_web,3521,76.02,267668.13
202425_HOME_22,upper,primary_app,1447,77.45,112069.52
202425_HOME_22,upper,box_office,370,70.81,26198.65
202425_HOME_22,upper,secondary_market,1941,93.67,181805.82
202425_HOME_22,upper,corporate,558,75.97,42388.85
202425_HOME_22,mid,primary_web,1988,168.23,334432.02
202425_HOME_22,mid,primary_app,788,163.37,128735.71
202425_HOME_22,mid,box_office,213,150.48,32052.2
202425_HOME_22,mid,secondary_market,1068,174.45,186317.33
202425_HOME_22,mid,corporate,297,169.73,50409.47
202425_HOME_22,lower,primary_web,1705,287.36,489952.98
202425_HOME_22,lower,primary_app,730,265.59,193879.15
202425_HOME_22,lower,box_office,175,270.67,47366.98
202425_HOME_22,lower,secondary_market,969,301.16,291825.18
202425_HOME_22,lower,corporate,252,296.05,74603.37
202425_HOME_22,courtside,primary_web,33,2257.59,74500.45
202425_HOME_22,courtside,primary_app,32,2397.97,76735.17
202425_HOME_22,courtside,box_office,6,2645.24,15871.45
202425_HOME_22,courtside,secondary_market,21,2372.27,49817.65
202425_HOME_22,courtside,corporate,256,2692.73,689338.82
202425_HOME_22,suite,primary_web,101,1075.32,108607.32
202425_HOME_22,suite,primary_app,93,938.45,87275.78
202425_HOME_22,suite,box_office,19,1009.73,19184.91
202425_HOME_22,suite,secondary_market,57,1045.06,59568.27
202425_HOME_22,suite,corporate,775,1006.18,779791.22
202425_HOME_23,upper,primary_web,3057,49.83,152330.96
202425_HOME_23,upper,primary_app,1283,52.32,67132.81
202425_HOME_23,upper,box_office,317,54.86,17391.89
202425_HOME_23,upper,secondary_market,1656,51.22,84816.6
202425_HOME_23,upper,corporate,446,52.98,23630.27
202425_HOME_23,mid,primary_web,1712,112.56,192707.31
202425_HOME_23,mid,primary_app,659,125.59,82763.87
202425_HOME_23,mid,box_office,191,99.4,18985.2
202425_HOME_23,mid,secondary_market,952,124.54,118566.52
202425_HOME_23,mid,corporate,241,112.43,27096.37
202425_HOME_23,lower,primary_web,1462,195.19,285361.55
202425_HOME_23,lower,primary_app,588,199.17,117112.12
202425_HOME_23,lower,box_office,146,180.46,26346.67
202425_HOME_23,lower,secondary_market,854,203.14,173481.43
202425_HOME_23,lower,corporate,254,207.97,52823.47
202425_HOME_23,courtside,primary_web,24,1731.8,41563.24
202425_HOME_23,courtside,primary_app,28,1604.27,44919.64
202425_HOME_23,courtside,box_office,10,1648.52,16485.18
202425_HOME_23,courtside,secondary_market,17,1670.79,28403.45
202425_HOME_23,courtside,corporate,221,1820.43,402315.5
202425_HOME_23,suite,primary_web,94,661.03,62136.58
202425_HOME_23,suite,primary_app,71,719.14,51059.01
202425_HOME_23,suite,box_office,18,717.76,12919.7
202425_HOME_23,suite,secondary_market,46,745.89,34311.07
202425_HOME_23,suite,corporate,672,725.84,487767.44
202425_HOME_24,upper,primary_web,3499,70.36,246182.07
202425_HOME_24,upper,primary_app,1367,72.92,99686.36
202425_HOME_24,upper,box_office,403,74.9,30185.7
202425_HOME_24,upper,secondary_market,2061,83.63,172355.69
202425_HOME_24,upper,corporate,560,75.97,42545.84
202425_HOME_24,mid,primary_web,1940,145.78,282804.6
202425_HOME_24,mid,primary_app,821,147.34,120963.58
202425_HOME_24,mid,box_office,227,158.13,35895.78
202425_HOME_24,mid,secondary_market,1083,192.65,208638.32
202425_HOME_24,mid,corporate,312,166.38,51909.73
202425_HOME_24,lower,primary_web,1710,287.25,491197.8
202425_HOME_24,lower,primary_app,686,267.07,183206.6
202425_HOME_24,lower,box_office,193,326.7,63052.93
202425_HOME_24,lower,secondary_market,971,281.25,273097.92
202425_HOME_24,lower,corporate,297,306.48,91023.77
202425_HOME_24,courtside,primary_web,32,2386.68,76373.87
202425_HOME_24,courtside,primary_app,33,2211.85,72991.1
202425_HOME_24,courtside,box_office,6,2469.68,14818.07
202425_HOME_24,courtside,secondary_market,18,2597.11,46747.91
202425_HOME_24,courtside,corporate,262,2512.96,658394.59
202425_HOME_24,suite,primary_web,107,969.45,103731.57
202425_HOME_24,suite,primary_app,85,985.54,83770.81
202425_HOME_24,suite,box_office,15,1023.57,15353.61
202425_HOME_24,suite,secondary_market,46,1115.29,51303.15
202425_HOME_24,suite,corporate,799,1079.35,862400.29
202425_HOME_25,upper,primary_web,3303,65.37,215931.02
202425_HOME_25,upper,primary_app,1339,71.41,95619.32
202425_HOME_25,upper,box_office,383,70.35,26943.62
202425_HOME_25,upper,secondary_market,1819,69.07,125632.27
202425_HOME_25,upper,corporate,499,75.2,37525.39
202425_HOME_25,mid,primary_web,1843,141.08,260017.16
202425_HOME_25,mid,primary_app,706,152.56,107706.04
202425_HOME_25,mid,box_office,198,154.58,30606.99
202425_HOME_25,mid,secondary_market,1017,180.35,183411.88
202425_HOME_25,mid,corporate,316,179.18,56621.77
202425_HOME_25,lower,primary_web,1660,236.91,393274.91
202425_HOME_25,lower,primary_app,644,263.11,169445.21
202425_HOME_25,lower,box_office,161,246.33,39658.63
202425_HOME_25,lower,secondary_market,872,334.49,291675.97
202425_HOME_25,lower,corporate,253,268.54,67940.68
202425_HOME_25,courtside,primary_web,39,2013.58,78529.68
202425_HOME_25,courtside,primary_app,25,2173.92,54348.09
202425_HOME_25,courtside,box_office,7,2084.07,14588.47
202425_HOME_25,courtside,secondary_market,22,2668.74,58712.34
202425_HOME_25,courtside,corporate,233,2480.71,578006.34
202425_HOME_25,suite,primary_web,106,821.93,87124.71
202425_HOME_25,suite,primary_app,76,894.07,67949.38
202425_HOME_25,suite,box_office,19,946.3,17979.74
202425_HOME_25,suite,secondary_market,50,1003.83,50191.6
202425_HOME_25,suite,corporate,728,876.22,637889.37
202425_HOME_26,upper,primary_web,3072,61.16,187880.14
202425_HOME_26,upper,primary_app,1219,61.79,75317.73
202425_HOME_26,upper,box_office,344,56.58,19464.55
202425_HOME_26,upper,secondary_market,1802,72.23,130165.59
202425_HOME_26,upper,corporate,495,67.71,33518.29
202425_HOME_26,mid,primary_web,1742,129.58,225728.18
202425_HOME_26,mid,primary_app,680,139.48,94849.05
202425_HOME_26,mid,box_office,198,146.74,29054.62
202425_HOME_26,mid,secondary_market,968,167.55,162184.66
202425_HOME_26,mid,corporate,263,139.98,36814.11
202425_HOME_26,lower,primary_web,1528,226.46,346034.64
202425_HOME_26,lower,primary_app,618,226.34,139880.87
202425_HOME_26,lower,box_office,172,244.35,42028.02
202425_HOME_26,lower,secondary_market,840,282.27,237105.4
202425_HOME_26,lower,corporate,231,235.32,54359.63
202425_HOME_26,courtside,primary_web,25,2133.43,53335.72
202425_HOME_26,courtside,primary_app,28,1933.55,54139.48
202425_HOME_26,courtside,box_office,6,2122.08,12732.51
202425_HOME_26,courtside,secondary_market,8,2256.96,18055.7
202425_HOME_26,courtside,corporate,241,2305.53,555632.92
202425_HOME_26,suite,primary_web,85,907.54,77140.58
202425_HOME_26,suite,primary_app,63,852.47,53705.84
202425_HOME_26,suite,box_office,15,880.33,13204.91
202425_HOME_26,suite,secondary_market,37,945.59,34986.82
202425_HOME_26,suite,corporate,724,960.99,695758.89
202425_HOME_27,upper,primary_web,3013,54.15,163157.42
202425_HOME_27,upper,primary_app,1146,44.12,50558.78
202425_HOME_27,upper,box_office,289,53.1,15344.64
202425_HOME_27,upper,secondary_market,1670,60.64,101266.27
202425_HOME_27,upper,corporate,465,52.4,24365.6
202425_HOME_27,mid,primary_web,1620,94.76,153511.7
202425_HOME_27,mid,primary_app,680,104.96,71371.58
202425_HOME_27,mid,box_office,174,107.14,18642.85
202425_HOME_27,mid,secondary_market,922,110.56,101933.16
202425_HOME_27,mid,corporate,262,120.74,31634.47
202425_HOME_27,lower,primary_web,1414,185.1,261732.27
202425_HOME_27,lower,primary_app,626,191.54,119902.52
202425_HOME_27,lower,box_office,137,185.18,25369.94
202425_HOME_27,lower,secondary_market,833,219.85,183136.63
202425_HOME_27,lower,corporate,209,212.52,44416.45
202425_HOME_27,courtside,primary_web,35,1733.04,60656.36
202425_HOME_27,courtside,primary_app,24,1569.49,37667.75
202425_HOME_27,courtside,box_office,6,1518.76,9112.55
202425_HOME_27,courtside,secondary_market,13,1708.52,22210.73
202425_HOME_27,courtside,corporate,215,1871.85,402447.08
202425_HOME_27,suite,primary_web,100,710.14,71014.4
202425_HOME_27,suite,primary_app,57,597.88,34079.21
202425_HOME_27,suite,box_office,26,677.05,17603.38
202425_HOME_27,suite,secondary_market,49,722.42,35398.65
202425_HOME_27,suite,corporate,646,791.69,511430.56
202425_HOME_28,upper,primary_web,3374,57.16,192869.72
202425_HOME_28,upper,primary_app,1367,52.56,71855.31
202425_HOME_28,upper,box_office,378,61.51,23250.89
202425_HOME_28,upper,secondary_market,1913,61.64,117915.24
202425_HOME_28,upper,corporate,583,63.64,37101.57
202425_HOME_28,mid,primary_web,1930,126.36,243881.45
202425_HOME_28,mid,primary_app,749,139.14,104213.0
202425_HOME_28,mid,box_office,212,127.42,27013.6
202425_HOME_28,mid,secondary_market,1035,148.21,153393.02
202425_HOME_28,mid,corporate,304,140.3,42650.62
202425_HOME_28,lower,primary_web,1699,229.53,389979.16
202425_HOME_28,lower,primary_app,664,241.94,160650.34
202425_HOME_28,lower,box_office,170,236.93,40278.39
202425_HOME_28,lower,secondary_market,921,259.04,238574.24
202425_HOME_28,lower,corporate,268,256.07,68626.23
202425_HOME_28,courtside,primary_web,36,2040.28,73449.92
202425_HOME_28,courtside,primary_app,17,1912.65,32515.11
202425_HOME_28,courtside,box_office,5,2063.83,10319.15
202425_HOME_28,courtside,secondary_market,17,2227.74,37871.63
202425_HOME_28,courtside,corporate,263,2078.31,546594.79
202425_HOME_28,suite,primary_web,93,845.94,78672.09
202425_HOME_28,suite,primary_app,86,844.07,72589.74
202425_HOME_28,suite,box_office,15,873.98,13109.66
202425_HOME_28,suite,secondary_market,45,937.3,42178.66
202425_HOME_28,suite,corporate,776,879.87,682782.78
202425_HOME_29,upper,primary_web,3109,52.78,164108.18
202425_HOME_29,upper,primary_app,1141,46.07,52571.22
202425_HOME_29,upper,box_office,311,57.43,17859.44
202425_HOME_29,upper,secondary_market,1588,59.23,94060.89
202425_HOME_29,upper,corporate,435,54.91,23886.45
202425_HOME_29,mid,primary_web,1706,111.87,190842.26
202425_HOME_29,mid,primary_app,665,108.32,72035.75
202425_HOME_29,mid,box_office,169,104.16,17603.28
202425_HOME_29,mid,secondary_market,879,113.34,99627.14
202425_HOME_29,mid,corporate,239,123.95,29622.86
202425_HOME_29,lower,primary_web,1456,202.84,295331.88
202425_HOME_29,lower,primary_app,568,185.08,105126.43
202425_HOME_29,lower,box_office,161,209.98,33807.13
202425_HOME_29,lower,secondary_market,817,204.59,167148.94
202425_HOME_29,lower,corporate,217,213.5,46329.1
202425_HOME_29,courtside,primary_web,27,1527.22,41235.02
202425_HOME_29,courtside,primary_app,22,1534.35,33755.76
202425_HOME_29,courtside,box_office,7,1765.6,12359.18
202425_HOME_29,courtside,secondary_market,14,1920.51,26887.16
202425_HOME_29,courtside,corporate,223,1809.23,403458.89
202425_HOME_29,suite,primary_web,96,718.02,68930.1
202425_HOME_29,suite,primary_app,81,659.77,53441.37
202425_HOME_29,suite,box_office,14,630.77,8830.75
202425_HOME_29,suite,secondary_market,49,748.9,36696.16
202425_HOME_29,suite,corporate,638,700.12,446675.85
202425_HOME_30,upper,primary_web,3287,73.59,241882.58
202425_HOME_30,upper,primary_app,1369,67.41,92287.24
202425_HOME_30,upper,box_office,397,67.54,26812.98
202425_HOME_30,upper,secondary_market,1771,82.83,146683.15
202425_HOME_30,upper,corporate,542,81.42,44127.17
202425_HOME_30,mid,primary_web,1833,165.48,303321.85
202425_HOME_30,mid,primary_app,748,170.5,127531.06
202425_HOME_30,mid,box_office,215,174.99,37623.69
202425_HOME_30,mid,secondary_market,1018,182.54,185826.52
202425_HOME_30,mid,corporate,278,172.06,47833.44
202425_HOME_30,lower,primary_web,1598,291.28,465461.46
202425_HOME_30,lower,primary_app,680,252.2,171498.68
202425_HOME_30,lower,box_office,168,280.07,47051.0
202425_HOME_30,lower,secondary_market,926,336.16,311286.58
202425_HOME_30,lower,corporate,229,304.61,69755.69
202425_HOME_30,courtside,primary_web,23,2516.4,57877.27
202425_HOME_30,courtside,primary_app,32,2481.38,79404.29
202425_HOME_30,courtside,box_office,3,2645.1,7935.29
202425_HOME_30,courtside,secondary_market,14,2786.67,39013.34
202425_HOME_30,courtside,corporate,255,2733.48,697036.8
202425_HOME_30,suite,primary_web,96,974.76,93577.25
202425_HOME_30,suite,primary_app,73,1008.09,73590.32
202425_HOME_30,suite,box_office,19,1043.23,19821.43
202425_HOME_30,suite,secondary_market,52,1160.74,60358.47
202425_HOME_30,suite,corporate,742,1252.95,929685.87
202425_HOME_31,upper,primary_web,3143,55.71,175103.64
202425_HOME_31,upper,primary_app,1225,52.95,64869.14
202425_HOME_31,upper,box_office,380,58.17,22103.08
202425_HOME_31,upper,secondary_market,1705,59.04,100670.09
202425_HOME_31,upper,corporate,462,56.12,25927.61
202425_HOME_31,mid,primary_web,1702,115.24,196137.12
202425_HOME_31,mid,primary_app,659,118.34,77987.38
202425_HOME_31,mid,box_office,203,112.0,22735.79
202425_HOME_31,mid,secondary_market,1011,121.2,122533.63
202425_HOME_31,mid,corporate,267,126.62,33806.4
202425_HOME_31,lower,primary_web,1517,209.47,317773.17
202425_HOME_31,lower,primary_app,615,213.88,131535.89
202425_HOME_31,lower,box_office,181,214.34,38794.9
202425_HOME_31,lower,secondary_market,857,234.96,201363.39
202425_HOME_31,lower,corporate,211,235.0,49584.21
202425_HOME_31,courtside,primary_web,25,1623.01,40575.27
202425_HOME_31,courtside,primary_app,33,1669.92,55107.44
202425_HOME_31,courtside,box_office,5,1640.71,8203.54
202425_HOME_31,courtside,secondary_market,14,1982.49,27754.88
202425_HOME_31,courtside,corporate,230,1879.83,432360.67
202425_HOME_31,suite,primary_web,83,723.75,60071.41
202425_HOME_31,suite,primary_app,74,703.36,52048.77
202425_HOME_31,suite,box_office,13,716.73,9317.53
202425_HOME_31,suite,secondary_market,59,907.46,53540.26
202425_HOME_31,suite,corporate,693,806.56,558946.13
202425_HOME_32,upper,primary_web,3087,51.85,160051.56
202425_HOME_32,upper,primary_app,1228,48.96,60125.79
202425_HOME_32,upper,box_office,348,51.84,18040.72
202425_HOME_32,upper,secondary_market,1675,58.2,97491.27
202425_HOME_32,upper,corporate,456,57.04,26008.44
202425_HOME_32,mid,primary_web,1687,121.34,204693.21
202425_HOME_32,mid,primary_app,675,121.01,81683.1
202425_HOME_32,mid,box_office,194,129.36,25096.67
202425_HOME_32,mid,secondary_market,953,121.68,115960.68
202425_HOME_32,mid,corporate,265,123.87,32825.87
202425_HOME_32,lower,primary_web,1501,226.85,340505.6
202425_HOME_32,lower,primary_app,606,199.81,121084.19
202425_HOME_32,lower,box_office,180,210.51,37892.65
202425_HOME_32,lower,secondary_market,791,210.09,166184.16
202425_HOME_32,lower,corporate,243,199.87,48568.36
202425_HOME_32,courtside,primary_web,34,1625.92,55281.13
202425_HOME_32,courtside,primary_app,18,1653.79,29768.29
202425_HOME_32,courtside,box_office,9,1882.71,16944.42
202425_HOME_32,courtside,secondary_market,18,1832.17,32979.14
202425_HOME_32,courtside,corporate,223,1701.28,379384.8
202425_HOME_32,suite,primary_web,94,671.7,63140.07
202425_HOME_32,suite,primary_app,63,698.37,43997.02
202425_HOME_32,suite,box_office,11,760.17,8361.87
202425_HOME_32,suite,secondary_market,38,687.58,26128.22
202425_HOME_32,suite,corporate,700,821.53,575071.78
202425_HOME_33,upper,primary_web,3358,67.11,225354.44
202425_HOME_33,upper,primary_app,1348,65.09,87735.81
202425_HOME_33,upper,box_office,365,64.52,23548.43
202425_HOME_33,upper,secondary_market,1887,63.81,120416.96
202425_HOME_33,upper,corporate,523,67.31,35203.03
202425_HOME_33,mid,primary_web,1868,135.22,252582.82
202425_HOME_33,mid,primary_app,771,120.69,93054.97
202425_HOME_33,mid,box_office,190,153.16,29101.25
202425_HOME_33,mid,secondary_market,1034,156.7,162029.32
202425_HOME_33,mid,corporate,293,160.99,47171.15
202425_HOME_33,lower,primary_web,1631,261.41,426352.85
202425_HOME_33,lower,primary_app,667,257.06,171457.92
202425_HOME_33,lower,box_office,184,243.16,44740.63
202425_HOME_33,lower,secondary_market,921,293.16,270000.59
202425_HOME_33,lower,corporate,255,278.93,71127.1
202425_HOME_33,courtside,primary_web,35,2042.31,71480.71
202425_HOME_33,courtside,primary_app,19,2100.6,39911.46
202425_HOME_33,courtside,box_office,10,2075.64,20756.42
202425_HOME_33,courtside,secondary_market,14,2621.37,36699.19
202425_HOME_33,courtside,corporate,255,2266.58,577977.28
202425_HOME_33,suite,primary_web,110,894.98,98447.93
202425_HOME_33,suite,primary_app,80,971.07,77685.6
202425_HOME_33,suite,box_office,21,876.77,18412.08
202425_HOME_33,suite,secondary_market,52,1003.23,52167.92
202425_HOME_33,suite,corporate,735,1014.86,745925.18
202425_HOME_34,upper,primary_web,3060,54.91,168027.24
202425_HOME_34,upper,primary_app,1235,52.88,65302.94
202425_HOME_34,upper,box_office,317,53.52,16965.81
202425_HOME_34,upper,secondary_market,1676,60.86,102002.01
202425_HOME_34,upper,corporate,482,68.09,32817.29
202425_HOME_34,mid,primary_web,1649,111.1,183197.54
202425_HOME_34,mid,primary_app,669,114.38,76518.56
202425_HOME_34,mid,box_office,192,115.33,22142.44
202425_HOME_34,mid,secondary_market,994,144.02,143157.52
202425_HOME_34,mid,corporate,258,133.13,34346.38
202425_HOME_34,lower,primary_web,1490,225.88,336554.77
202425_HOME_34,lower,primary_app,589,190.19,112020.32
202425_HOME_34,lower,box_office,180,206.11,37099.49
202425_HOME_34,lower,secondary_market,832,237.86,197903.55
202425_HOME_34,lower,corporate,219,256.81,56242.01
202425_HOME_34,courtside,primary_web,30,1652.55,49576.48
202425_HOME_34,courtside,primary_app,24,1709.2,41020.92
202425_HOME_34,courtside,box_office,3,1792.36,5377.08
202425_HOME_34,courtside,secondary_market,21,2171.13,45593.75
202425_HOME_34,courtside,corporate,223,1870.28,417073.2
202425_HOME_34,suite,primary_web,92,697.99,64215.36
202425_HOME_34,suite,primary_app,71,672.23,47728.02
202425_HOME_34,suite,box_office,26,732.06,19033.46
202425_HOME_34,suite,secondary_market,44,816.64,35932.11
202425_HOME_34,suite,corporate,670,765.45,512854.0
202425_HOME_35,upper,primary_web,3384,70.09,237172.65
202425_HOME_35,upper,primary_app,1366,60.19,82218.55
202425_HOME_35,upper,box_office,377,70.69,26651.79
202425_HOME_35,upper,secondary_market,1854,75.87,140657.88
202425_HOME_35,upper,corporate,512,84.65,43341.04
202425_HOME_35,mid,primary_web,1844,170.77,314898.58
202425_HOME_35,mid,primary_app,781,149.11,116456.62
202425_HOME_35,mid,box_office,203,160.33,32546.98
202425_HOME_35,mid,secondary_market,1058,186.89,197732.61
202425_HOME_35,mid,corporate,276,190.07,52459.33
202425_HOME_35,lower,primary_web,1707,257.7,439900.09
202425_HOME_35,lower,primary_app,650,252.15,163895.01
202425_HOME_35,lower,box_office,170,283.51,48197.33
202425_HOME_35,lower,secondary_market,893,324.52,289798.38
202425_HOME_35,lower,corporate,243,292.99,71197.78
202425_HOME_35,courtside,primary_web,43,2709.71,116517.6
202425_HOME_35,courtside,primary_app,26,2244.9,58367.39
202425_HOME_35,courtside,box_office,4,2324.77,9299.08
202425_HOME_35,courtside,secondary_market,20,2745.94,54918.73
202425_HOME_35,courtside,corporate,240,2655.48,637315.56
202425_HOME_35,suite,primary_web,107,864.21,92470.1
202425_HOME_35,suite,primary_app,94,884.66,83157.74
202425_HOME_35,suite,box_office,20,917.55,18351.05
202425_HOME_35,suite,secondary_market,57,1083.53,61761.46
202425_HOME_35,suite,corporate,721,979.39,706140.91
202425_HOME_36,upper,primary_web,3233,70.89,229177.98
202425_HOME_36,upper,primary_app,1238,70.52,87300.73
202425_HOME_36,upper,box_office,349,67.05,23400.04
202425_HOME_36,upper,secondary_market,1734,78.03,135308.93
202425_HOME_36,upper,corporate,525,65.93,34612.92
202425_HOME_36,mid,primary_web,1782,150.64,268439.73
202425_HOME_36,mid,primary_app,662,149.6,99036.29
202425_HOME_36,mid,box_office,205,162.59,33329.93
202425_HOME_36,mid,secondary_market,987,183.92,181533.7
202425_HOME_36,mid,corporate,297,163.79,48646.31
202425_HOME_36,lower,primary_web,1566,281.5,440835.98
202425_HOME_36,lower,primary_app,631,267.69,168913.96
202425_HOME_36,lower,box_office,165,290.53,47937.56
202425_HOME_36,lower,secondary_market,865,313.69,271344.52
202425_HOME_36,lower,corporate,234,312.85,73206.72
202425_HOME_36,courtside,primary_web,25,2292.09,57302.3
202425_HOME_36,courtside,primary_app,20,2151.23,43024.62
202425_HOME_36,courtside,box_office,7,2322.23,16255.63
202425_HOME_36,courtside,secondary_market,27,2767.78,74730.01
202425_HOME_36,courtside,corporate,236,2539.08,599222.1
202425_HOME_36,suite,primary_web,108,1009.56,109032.93
202425_HOME_36,suite,primary_app,85,898.83,76400.43
202425_HOME_36,suite,box_office,15,1033.58,15503.69
202425_HOME_36,suite,secondary_market,41,1096.3,44948.34
202425_HOME_36,suite,corporate,695,1038.87,722015.28
202425_HOME_37,upper,primary_web,3092,54.59,168790.81
202425_HOME_37,upper,primary_app,1284,57.12,73347.32
202425_HOME_37,upper,box_office,329,56.62,18627.33
202425_HOME_37,upper,secondary_market,1758,60.52,106389.28
202425_HOME_37,upper,corporate,432,58.99,25482.76
202425_HOME_37,mid,primary_web,1763,127.56,224883.75
202425_HOME_37,mid,primary_app,702,129.26,90739.19
202425_HOME_37,mid,box_office,185,134.94,24964.57
202425_HOME_37,mid,secondary_market,926,138.94,128660.44
202425_HOME_37,mid,corporate,256,131.52,33668.52
202425_HOME_37,lower,primary_web,1436,231.31,332157.98
202425_HOME_37,lower,primary_app,634,210.56,133492.08
202425_HOME_37,lower,box_office,182,215.82,39278.9
202425_HOME_37,lower,secondary_market,867,243.47,211086.29
202425_HOME_37,lower,corporate,253,218.29,55226.51
202425_HOME_37,courtside,primary_web,26,1812.1,47114.49
202425_HOME_37,courtside,primary_app,29,1821.56,52825.38
202425_HOME_37,courtside,box_office,4,1909.34,7637.35
202425_HOME_37,courtside,secondary_market,18,2161.91,38914.42
202425_HOME_37,courtside,corporate,230,1977.09,454731.17
202425_HOME_37,suite,primary_web,91,755.0,68705.0
202425_HOME_37,suite,primary_app,76,752.96,57224.65
202425_HOME_37,suite,box_office,13,828.94,10776.26
202425_HOME_37,suite,secondary_market,43,804.3,34585.05
202425_HOME_37,suite,corporate,697,770.89,537309.37
202425_HOME_38,upper,primary_web,3162,54.55,172497.18
202425_HOME_38,upper,primary_app,1255,55.71,69912.66
202425_HOME_38,upper,box_office,356,61.25,21803.41
202425_HOME_38,upper,secondary_market,1688,60.75,102540.97
202425_HOME_38,upper,corporate,478,67.53,32278.06
202425_HOME_38,mid,primary_web,1712,118.0,202014.52
202425_HOME_38,mid,primary_app,711,121.29,86236.34
202425_HOME_38,mid,box_office,209,127.25,26594.46
202425_HOME_38,mid,secondary_market,966,130.75,126300.79
202425_HOME_38,mid,corporate,256,133.56,34191.02
202425_HOME_38,lower,primary_web,1544,204.67,316016.58
202425_HOME_38,lower,primary_app,603,231.27,139457.62
202425_HOME_38,lower,box_office,163,219.4,35762.87
202425_HOME_38,lower,secondary_market,852,267.13,227596.92
202425_HOME_38,lower,corporate,230,227.28,52275.32
202425_HOME_38,courtside,primary_web,33,1858.89,61343.29
202425_HOME_38,courtside,primary_app,19,1759.85,33437.23
202425_HOME_38,courtside,box_office,9,1928.97,17360.72
202425_HOME_38,courtside,secondary_market,13,1965.66,25553.55
202425_HOME_38,courtside,corporate,234,1988.39,465284.24
202425_HOME_38,suite,primary_web,101,756.91,76447.81
202425_HOME_38,suite,primary_app,82,747.62,61304.46
202425_HOME_38,suite,box_office,21,790.07,16591.37
202425_HOME_38,suite,secondary_market,53,834.39,44222.5
202425_HOME_38,suite,corporate,668,872.27,582674.73
202425_HOME_39,upper,primary_web,3444,71.3,245559.65
202425_HOME_39,upper,primary_app,1394,73.05,101836.57
202425_HOME_39,upper,box_office,378,69.86,26405.9
202425_HOME_39,upper,secondary_market,1846,82.38,152079.37
202425_HOME_39,upper,corporate,555,71.86,39881.65
202425_HOME_39,mid,primary_web,1910,150.86,288151.48
202425_HOME_39,mid,primary_app,790,145.15,114672.14
202425_HOME_39,mid,box_office,198,167.44,33152.36
202425_HOME_39,mid,secondary_market,1033,179.32,185242.71
202425_HOME_39,mid,corporate,300,168.42,50524.64
202425_HOME_39,lower,primary_web,1679,262.22,440264.02
202425_HOME_39,lower,primary_app,703,265.96,186968.26
202425_HOME_39,lower,box_office,191,223.91,42766.58
202425_HOME_39,lower,secondary_market,932,302.21,281655.45
202425_HOME_39,lower,corporate,218,284.27,61971.94
202425_HOME_39,courtside,primary_web,40,2293.67,91746.76
202425_HOME_39,courtside,primary_app,28,2365.0,66219.9
202425_HOME_39,courtside,box_office,7,2166.05,15162.35
202425_HOME_39,courtside,secondary_market,14,2571.01,35994.18
202425_HOME_39,courtside,corporate,249,2643.21,658158.1
202425_HOME_39,suite,primary_web,96,872.56,83766.06
202425_HOME_39,suite,primary_app,101,1023.71,103394.52
202425_HOME_39,suite,box_office,24,938.65,22527.57
202425_HOME_39,suite,secondary_market,43,1058.45,45513.32
202425_HOME_39,suite,corporate,751,997.52,749134.54
202425_HOME_40,upper,primary_web,3011,63.6,191486.79
202425_HOME_40,upper,primary_app,1165,56.99,66393.28
202425_HOME_40,upper,box_office,334,60.43,20182.29
202425_HOME_40,upper,secondary_market,1693,70.04,118570.6
202425_HOME_40,upper,corporate,461,66.15,30492.97
202425_HOME_40,mid,primary_web,1633,137.39,224359.02
202425_HOME_40,mid,primary_app,668,122.62,81908.45
202425_HOME_40,mid,box_office,183,120.25,22005.98
202425_HOME_40,mid,secondary_market,959,141.55,135742.9
202425_HOME_40,mid,corporate,259,148.53,38468.51
202425_HOME_40,lower,primary_web,1435,222.62,319457.7
202425_HOME_40,lower,primary_app,566,259.31,146767.85
202425_HOME_40,lower,box_office,175,240.82,42144.01
202425_HOME_40,lower,secondary_market,837,248.78,208225.91
202425_HOME_40,lower,corporate,245,253.65,62144.33
202425_HOME_40,courtside,primary_web,29,2083.66,60426.04
202425_HOME_40,courtside,primary_app,20,1963.54,39270.79
202425_HOME_40,courtside,box_office,4,2008.89,8035.56
202425_HOME_40,courtside,secondary_market,16,2194.83,35117.27
202425_HOME_40,courtside,corporate,227,2107.91,478495.43
202425_HOME_40,suite,primary_web,88,843.43,74222.17
202425_HOME_40,suite,primary_app,69,787.32,54325.35
202425_HOME_40,suite,box_office,25,860.95,21523.83
202425_HOME_40,suite,secondary_market,50,878.63,43931.51
202425_HOME_40,suite,corporate,656,867.55,569114.4
202425_HOME_41,upper,primary_web,3146,47.38,149060.8
202425_HOME_41,upper,primary_app,1264,48.69,61538.86
202425_HOME_41,upper,box_office,335,51.53,17261.23
202425_HOME_41,upper,secondary_market,1768,56.38,99685.16
202425_HOME_41,upper,corporate,527,53.99,28452.84
202425_HOME_41,mid,primary_web,1749,117.25,205070.53
202425_HOME_41,mid,primary_app,689,103.59,71376.32
202425_HOME_41,mid,box_office,198,115.0,22769.38
202425_HOME_41,mid,secondary_market,988,125.32,123817.36
202425_HOME_41,mid,corporate,288,135.15,38921.81
202425_HOME_41,lower,primary_web,1563,199.92,312473.67
202425_HOME_41,lower,primary_app,673,207.12,139390.07
202425_HOME_41,lower,box_office,142,202.04,28690.21
202425_HOME_41,lower,secondary_market,841,218.63,183866.38
202425_HOME_41,lower,corporate,223,226.97,50614.45
202425_HOME_41,courtside,primary_web,25,1627.24,40681.03
202425_HOME_41,courtside,primary_app,26,1734.53,45097.82
202425_HOME_41,courtside,box_office,8,1824.96,14599.68
202425_HOME_41,courtside,secondary_market,12,1875.4,22504.85
202425_HOME_41,courtside,corporate,242,1982.14,479677.24
202425_HOME_41,suite,primary_web,107,730.99,78216.13
202425_HOME_41,suite,primary_app,72,657.72,47356.16
202425_HOME_41,suite,box_office,20,850.2,17004.02
202425_HOME_41,suite,secondary_market,41,737.36,30231.8
202425_HOME_41,suite,corporate,699,703.21,491542.98
